Query,Clicks,Impressions,CTR,Position
commercial property valuation,113,4091,2.76%,9.48
how to value commercial property,57,226,25.22%,17.04
how to value commercial property based on rental income uk,57,162,35.19%,2.43
how to value a commercial property,51,285,17.89%,5.76
free commercial property valuation calculator,48,270,17.78%,1.94
how to value commercial property uk,48,229,20.96%,2.07
commercial property value,39,973,4.01%,8.12
commercial property valuation calculator,31,572,5.42%,19.35
how to value a commercial property uk,30,62,48.39%,1.24
commercial property value calculator,28,288,9.72%,10.1
value of commercial property,26,135,19.26%,5.75
valuing commercial property,24,175,13.71%,10.54
commercial property valuation example,23,220,10.45%,9.82
commercial to residential planning permission,22,559,3.94%,4.17
section 25 notice,19,2058,0.92%,10.01
convert shop to residential,19,172,11.05%,3.48
how do you value a commercial property uk,16,48,33.33%,1
section 40 notice,15,292,5.14%,3.5
commercial to residential,13,313,4.15%,6.19
valuation of commercial property,13,222,5.86%,10.96
value commercial property,13,63,20.63%,5.83
converting commercial property to residential,12,421,2.85%,7.71
difference between commercial and residential property,12,62,19.35%,6.27
how is commercial property valued,12,47,25.53%,11.43
value a commercial property,12,32,37.5%,2.66
section 26 notice,11,1168,0.94%,6.99
conversion of commercial property to residential,11,300,3.67%,5.66
commercial property values,11,297,3.7%,3.42
commercial property valuation calculator uk,11,195,5.64%,3.05
converting commercial to residential,11,153,7.19%,7.48
how to calculate commercial property value,11,56,19.64%,26.04
how do you value commercial property,11,31,35.48%,7.97
commercial valuation,10,892,1.12%,21.7
commercial to residential conversion,10,274,3.65%,7.39
commercial to residential conversion costs,10,224,4.46%,7.59
calculate commercial property value,10,23,43.48%,3.61
use classes,9,2209,0.41%,6.68
how to convert a commercial property to residential,9,174,5.17%,4.07
how are commercial properties valued,9,130,6.92%,30.94
turning commercial property into residential uk,9,44,20.45%,2.39
use classes order,8,5404,0.15%,4.65
can you change a commercial property to residential,8,386,2.07%,4.47
convert commercial to residential,8,155,5.16%,6.99
changing commercial to residential,8,66,12.12%,5.35
commercial property value calculator uk,8,49,16.33%,4.86
valuing a commercial property,8,25,32%,3.32
change of use from commercial to residential,7,373,1.88%,8.13
commercial property to residential,7,184,3.8%,7.36
valuation commercial property,7,182,3.85%,18.53
valuation of commercial property calculator,7,166,4.22%,14.14
sdlt lease calculator relevant rental figure,7,98,7.14%,3.81
converting a commercial property to residential,7,59,11.86%,5.12
gross rent multiplier uk,7,51,13.73%,4.57
how to turn a commercial property into residential,7,28,25%,5.86
how much is my commercial property worth,7,28,25%,17.14
how is commercial property value calculated?,7,18,38.89%,2.67
commercial property valuations,6,774,0.78%,13.9
use classes order 2019,6,604,0.99%,9.08
convert commercial property to residential,6,73,8.22%,9.47
how to convert commercial property to residential,6,64,9.38%,8.34
questions to ask when buying a commercial property in uk,6,56,10.71%,8.43
can you convert commercial property to residential,6,51,11.76%,4.08
value my commercial property,6,42,14.29%,10.86
can i convert commercial property to residential,6,34,17.65%,3.03
planning use classes,5,3008,0.17%,7.18
richard phoenix,5,156,3.21%,8
section 26 landlord and tenant act 1954,5,136,3.68%,8.75
how long does a tenant have to respond to a section 25 notice,5,90,5.56%,8.04
difference between commercial and residential,5,67,7.46%,12.55
how to calculate property value based on rental income,5,59,8.47%,34.05
commercial value of property,5,18,27.78%,3.17
valuing commercial property uk,5,17,29.41%,2.41
value of commercial property based on rental income,5,16,31.25%,4.69
use class order,4,873,0.46%,10.44
sdlt lease calculator,4,864,0.46%,7.48
commercial property change of use to residential,4,644,0.62%,8.73
use classes order 2018,4,442,0.9%,8.25
how to change a commercial property to residential,4,370,1.08%,5.44
how to change from commercial to residential use,4,330,1.21%,5.14
commercial conversion,4,281,1.42%,7.41
lease stamp duty calculator,4,276,1.45%,7.93
can commercial property be changed to residential,4,243,1.65%,2.7
what is a2 use,4,115,3.48%,4.32
b1 warehouse,4,113,3.54%,44.85
section 40 landlord and tenant act 1954,4,96,4.17%,6.97
commercial to residential conversions,4,93,4.3%,5.44
commercial rent valuation,4,74,5.41%,9.76
commercial property rent valuation,4,54,7.41%,1.94
how to value commercial property calculator,4,47,8.51%,13.81
change commercial property to residential,4,46,8.7%,5.59
converting retail to residential,4,37,10.81%,5.95
commercial property converted to residential,4,26,15.38%,5.08
how do you value a commercial property,4,24,16.67%,5.96
how do you determine the value of a commercial property?,4,22,18.18%,7.14
how to work out commercial property value,4,20,20%,6.05
changing from commercial to residential electricity,4,20,20%,8.65
commercial building valuation calculator,4,16,25%,8
calculating commercial property value,4,15,26.67%,2.13
how to calculate value of commercial property,4,13,30.77%,7
converting a shop into a house,4,12,33.33%,17.08
value of a commercial property,4,7,57.14%,1.29
estimate commercial property value,4,7,57.14%,12.86
use class,3,1056,0.28%,8.89
a2 use,3,515,0.58%,7.45
section 26,3,512,0.59%,8.61
how to change commercial property to residential,3,243,1.23%,5.04
class use,3,230,1.3%,7.8
town and country planning use classes order 2017,3,138,2.17%,10.51
types of commercial buildings,3,129,2.33%,55.34
a2 usage,3,102,2.94%,6.82
turning residential property into commercial uk,3,94,3.19%,12.62
how long does a tenant have to respond to a section 25 notice?,3,89,3.37%,7.87
converting office space to residential,3,67,4.48%,8.15
commercial conversion to residential,3,64,4.69%,6.2
change of use shop to residential,3,60,5%,7.12
commercial property,3,53,5.66%,5.64
retail to residential conversion,3,45,6.67%,7.24
cost of commercial property valuation,3,44,6.82%,3.25
converting warehouse to residential,3,38,7.89%,4.95
valuation for commercial property,3,29,10.34%,3.66
turning a commercial property into residential,3,27,11.11%,5.7
converting shops to residential,3,26,11.54%,4.35
commercial property market value,3,13,23.08%,10.15
can commercial property be used as residential property,3,12,25%,14.5
estimate value of commercial property,3,10,30%,14.3
turning a building into a home,3,6,50%,5.17
a1 use,2,1236,0.16%,8.41
planning classes,2,882,0.23%,7.32
a1 use class,2,519,0.39%,9.62
use classes order 1987,2,507,0.39%,10.15
b1c use class,2,364,0.55%,10.04
a2 planning,2,347,0.58%,7.63
commercial chartered surveyors,2,296,0.68%,56.03
changing property from commercial to residential,2,255,0.78%,7.58
free commercial property valuation,2,233,0.86%,13.91
a3 use meaning,2,197,1.02%,9.23
a1 shop licence,2,173,1.16%,10.68
business property valuation,2,171,1.17%,10.41
commercial property valuation methods,2,139,1.44%,42.17
leasehold stamp duty calculator,2,137,1.46%,8.27
change of use commercial to residential,2,112,1.79%,8.63
b2 business use definition,2,100,2%,10.3
valuation of commercial building,2,95,2.11%,8.53
a1 a3 use,2,89,2.25%,8.93
b8 storage and distribution,2,85,2.35%,9.33
how much is commercial property worth,2,84,2.38%,47.65
section 26 notice landlord and tenant act 1954,2,83,2.41%,10.7
how to value commercial property based on rental income,2,70,2.86%,16.84
town and country planning act 1990 use classes,2,66,3.03%,10.08
section 25 notice landlord and tenant act 1954,2,66,3.03%,10.17
turning commercial property into residential,2,58,3.45%,7.02
commercial property evaluation,2,50,4%,22.42
planning a2,2,47,4.26%,6.13
commercial property valuation tool,2,47,4.26%,12.13
commercial rental valuation,2,43,4.65%,6.88
how to find market value of commercial property,2,42,4.76%,2.12
commercial property valuation template,2,38,5.26%,11.24
commercial property valuation based on rental income,2,37,5.41%,9.97
converting industrial to residential,2,36,5.56%,12.06
how to determine commercial property value,2,34,5.88%,42.38
converting commercial building to residential,2,32,6.25%,19.44
how to determine value of commercial property,2,30,6.67%,17.03
valuation of commercial property uk,2,27,7.41%,3.93
valuation of a commercial property,2,27,7.41%,13.11
converting commercial property into residential,2,26,7.69%,5.12
can you turn commercial property into residential,2,25,8%,5.52
change from commercial to residential use,2,24,8.33%,4.5
convert commercial to residential uk,2,24,8.33%,4.88
commercial building converted to residential,2,21,9.52%,3.81
section 26 notice 1954 act,2,20,10%,7.6
how to estimate commercial property value,2,13,15.38%,8.92
buying commercial property for residential use,2,12,16.67%,26.75
how much is a commercial property worth,2,9,22.22%,5.11
average % yield on commercial property,2,7,28.57%,47.86
can you build residential on commercial property,2,6,33.33%,6.17
commercial property conversion,2,6,33.33%,6.5
how is commercial property value calculated,2,2,100%,1
hmrc sdlt calculator,1,1387,0.07%,10.27
residential property investment,1,794,0.13%,53.08
a1 planning,1,577,0.17%,8.58
use class order 2019,1,517,0.19%,8.25
stamp duty lease calculator,1,465,0.22%,8.05
property valuation calculator,1,460,0.22%,70.43
a1 retail use,1,399,0.25%,10.74
business usage categories,1,393,0.25%,6.09
types of commercial property,1,361,0.28%,54.34
a1 business use,1,303,0.33%,9.31
a2 use class,1,294,0.34%,7.92
business use classes,1,289,0.35%,9.77
s25 notice,1,282,0.35%,10.13
changing commercial property to residential,1,279,0.36%,4.72
what is a1 use,1,252,0.4%,8.66
converting a commercial building to residential,1,225,0.44%,7.87
valuing commercial real estate,1,222,0.45%,30.94
changing a property from commercial to residential,1,211,0.47%,6.18
can you change commercial to residential,1,198,0.51%,5.57
use class orders,1,193,0.52%,9.06
section 25 landlord and tenant act 1954,1,185,0.54%,10.61
property conversion,1,173,0.58%,9.03
how to calculate commercial rent uk,1,171,0.58%,43.6
a2 planning use,1,152,0.66%,7.95
planning class,1,150,0.67%,8.45
commercial and residential property,1,150,0.67%,8.71
planning use,1,146,0.68%,10.04
commercial lease stamp duty calculator,1,146,0.68%,13.82
b1a use class,1,144,0.69%,9.97
a2 licence shop,1,121,0.83%,6.87
chartered surveyors high wycombe,1,121,0.83%,9.88
commercial building value calculator,1,120,0.83%,11.42
building classes,1,105,0.95%,7.82
commercial property for residential use,1,104,0.96%,14.21
s25 notice landlord and tenant act,1,103,0.97%,9.97
a1/a2 use,1,101,0.99%,7.43
what is b1 use in commercial property,1,100,1%,10.89
how to price commercial property,1,99,1.01%,4.11
class b2,1,99,1.01%,8.67
sdlt on leases calculator,1,95,1.05%,6.51
s.25 notice,1,94,1.06%,10.71
a1 planning consent,1,92,1.09%,9.63
b2 general industrial,1,91,1.1%,9.75
planning permission categories,1,87,1.15%,8.18
planning b1,1,87,1.15%,10.46
permitted use classes,1,83,1.2%,9.88
converting a house into a business,1,83,1.2%,11.95
procedure to convert residential to commercial,1,80,1.25%,9.43
a1 a2 a3 licence,1,78,1.28%,8.72
a2 planning consent,1,77,1.3%,7.43
lease sdlt calculator,1,76,1.32%,8.05
c3 use class,1,74,1.35%,10.93
a2 consent,1,68,1.47%,7.29
planning permission use classes,1,67,1.49%,8.7
a2 use meaning,1,66,1.52%,5.41
commercial property conversions,1,65,1.54%,6.08
how do you determine the value of a commercial property,1,63,1.59%,15.52
how to buy commercial property uk,1,61,1.64%,22.7
converting residential to commercial,1,55,1.82%,11.84
how to change commercial to residential,1,54,1.85%,7.24
a2 planning permission,1,54,1.85%,8.52
class uses planning,1,49,2.04%,8.49
how to find commercial property value,1,48,2.08%,2.94
b8 planning permission,1,46,2.17%,7.76
a2 use class definition,1,46,2.17%,8.54
difference between residential and commercial,1,46,2.17%,10.04
residential to commercial,1,45,2.22%,10.56
section 26 request,1,44,2.27%,10.02
office building conversion to residential,1,43,2.33%,6.72
industrial property types,1,43,2.33%,17.58
can you use commercial property as residential,1,43,2.33%,31.95
what's my commercial property worth,1,43,2.33%,63.47
a2 use class examples,1,41,2.44%,8.39
b1 business use,1,41,2.44%,15.37
commercial property valuation uk,1,40,2.5%,6.2
stamp duty on leases calculator,1,39,2.56%,5.67
use class order 2018,1,39,2.56%,7.41
stamp duty calculator for leases,1,38,2.63%,6.03
b8 land use,1,38,2.63%,9.39
what is section 25 notice,1,38,2.63%,10.08
difference between residential and commercial property,1,37,2.7%,8.89
buying a commercial property for residential use,1,37,2.7%,9.57
b1 use classes,1,37,2.7%,10.84
retail a1,1,36,2.78%,8.78
commercial property worth,1,35,2.86%,8.86
section 40 agreement,1,34,2.94%,6.5
sdlt rent calculator,1,34,2.94%,8.03
a1 premises,1,34,2.94%,9.65
commercial property valuation multiples,1,33,3.03%,7.15
class a1 planning,1,33,3.03%,10.06
commercial property valuers,1,32,3.12%,76.44
can you turn a commercial property into residential,1,31,3.23%,5.39
how to turn a residential property into commercial,1,29,3.45%,10.93
is commercial property worth more than residential,1,27,3.7%,49.41
commerical property valuation,1,26,3.85%,4.23
industrial to residential conversion,1,25,4%,17.44
changing a commercial property to residential,1,24,4.17%,5.29
stamp duty calculator hmrc,1,24,4.17%,17.54
how do you determine the value of commercial property?,1,23,4.35%,12.7
section 40 notice 1954 act,1,22,4.55%,4.73
a2 office,1,21,4.76%,4.43
calculate sdlt on lease,1,21,4.76%,7.48
converting commercial space to residential,1,20,5%,5.7
retail to residential,1,20,5%,9.8
commercial valuation calculator,1,18,5.56%,5.39
commercial property valuation income approach,1,18,5.56%,5.5
stamp duty on lease calculator,1,18,5.56%,5.61
fair market value of commercial property,1,18,5.56%,7.78
commercial property valuations uk,1,18,5.56%,8.5
how to buy a commercial property uk,1,18,5.56%,9.72
a4 licence meaning,1,18,5.56%,12.94
commercial sdlt calculator,1,18,5.56%,18.61
commercial property valuation formula,1,17,5.88%,6.35
a1 commercial licence,1,17,5.88%,10
commercial property return,1,17,5.88%,30.53
can you change residential property to commercial,1,16,6.25%,5.69
change of use from shop to residential,1,16,6.25%,8.75
buying a commercial property uk,1,16,6.25%,10.94
commercial real estate value calculator,1,16,6.25%,27.94
how to find the value of a commercial property,1,15,6.67%,17.2
residential to commercial conversion,1,15,6.67%,24
commercial property valuation multiplier,1,14,7.14%,3.93
retail warehouse use class,1,14,7.14%,4.79
shop to house conversion,1,13,7.69%,6.85
office building valuation,1,13,7.69%,72.62
can you turn a commercial building into a home,1,12,8.33%,4.33
commercial conversions,1,12,8.33%,6.58
check commercial property values,1,12,8.33%,15.58
what is b1 business use,1,11,9.09%,13.55
stamp duty rent calculator,1,11,9.09%,18.18
what is the difference between commercial and residential,1,10,10%,6.6
planning b8 storage distribution,1,10,10%,7.6
commercial real estate evaluation,1,10,10%,11
questions to ask when buying commercial property,1,10,10%,44.4
value of commercial property by address,1,9,11.11%,1.78
how to calculate the value of a commercial property,1,8,12.5%,4.62
commercial property appraisal calculator,1,8,12.5%,5.38
dry cleaners use class,1,8,12.5%,9
commercial property yields,1,8,12.5%,22.62
current commercial property yields,1,8,12.5%,43.12
calculate value of property based on rental income,1,7,14.29%,5
commercial and residential difference,1,7,14.29%,5.29
class b8 storage and distribution,1,7,14.29%,7.29
how to value a property based on rental income,1,7,14.29%,27.71
converting office to residential,1,7,14.29%,50.71
can you build a home on commercial land,1,6,16.67%,2.33
difference between commercial property and residential property,1,6,16.67%,3.17
useclass order,1,6,16.67%,7.67
npv calculator hmrc,1,6,16.67%,11.17
a1 shop licence restrictions,1,6,16.67%,12.5
average rent per square foot commercial property uk,1,6,16.67%,58.33
how to price a commercial property,1,6,16.67%,60.83
converting commercial to residential uk,1,5,20%,2
shop use class,1,5,20%,6.2
how to value an office building,1,5,20%,7
lease npv calculator,1,5,20%,9.6
purchase commercial property,1,5,20%,10.8
residential property for commercial use,1,5,20%,23.8
turning industrial buildings into homes,1,5,20%,27.8
commerical property value,1,4,25%,1
the difference between commercial and residential,1,4,25%,1
commercial property sales history,1,4,25%,3.25
price of commercial property,1,4,25%,15.25
commercial property price register,1,4,25%,71
buying commercial property for personal use,1,3,33.33%,2
converting commercial property to residential uk vat,1,3,33.33%,3
how to change a property from commercial to residential,1,3,33.33%,3.33
b2 warehouse,1,3,33.33%,8
how to value retail property,1,2,50%,1
commercial yield,1,2,50%,2
fair market commercial rent calculator,1,2,50%,2
how to value a shop,1,2,50%,2
uk commercial property yields 2018,1,2,50%,2
value of rental property based on income,1,2,50%,2
commercial property for rent,1,2,50%,2.5
property value based on rental income calculator,1,2,50%,2.5
rent from commercial property,1,2,50%,2.5
turning a warehouse into a house,1,2,50%,3
commercial real estate formulas,1,2,50%,5
how to value a vacant commercial property,1,2,50%,6.5
builders yard use class,1,2,50%,9
best place to buy commercial property,1,2,50%,9.5
semi commercial property for sale,1,2,50%,33
different types of commercial buildings,1,2,50%,51.5
average annual rent increase commercial property,1,1,100%,2
can you live in a commercial zoned property,1,1,100%,2
commercial land lease rates,1,1,100%,2
commercial property appraiser near me,1,1,100%,2
commercial property owner,1,1,100%,2
commercial property value lookup,1,1,100%,2
commercial real estate per square foot,1,1,100%,2
rent to own commercial property,1,1,100%,2
zillow commercial real estate listings,1,1,100%,2
uk commercial property prices graph,1,1,100%,3
commercial rental toronto,1,1,100%,4
temporary change of use permit,1,1,100%,7
shop converted to house,1,1,100%,8
how much is commercial land worth,1,1,100%,10
buy commercial property,0,1186,0%,44.7
sdlt calculator,0,881,0%,33.13
commercial property surveyor,0,821,0%,67.8
investing in commercial property uk,0,800,0%,38.2
stamp duty land tax calculator,0,788,0%,34.09
investing in commercial property,0,785,0%,49.55
chartered surveyor london,0,757,0%,81.92
commercial stamp duty calculator,0,629,0%,50.58
corporate relocation,0,605,0%,73.14
commercial surveyor,0,582,0%,61.85
commercial property to buy,0,555,0%,61.91
commercial property development,0,547,0%,72.84
commercial real estate valuation,0,538,0%,17.05
stamp duty on commercial property,0,522,0%,70.86
planning use class,0,508,0%,8.37
sdlt calculator hmrc,0,469,0%,10.93
building use classes,0,466,0%,10.29
property value,0,421,0%,73.99
advice on selling commercial property,0,413,0%,68.45
planning class uses,0,407,0%,7.85
corporate relocation services,0,399,0%,71.15
acquiring commercial premises,0,394,0%,98.86
b8 use,0,387,0%,11.29
commercial office space,0,386,0%,72.88
inland revenue stamp duty calculator,0,385,0%,9.44
advice on buying commercial property,0,379,0%,9.45
work out stamp duty,0,370,0%,50.67
relocation agency,0,370,0%,60.63
buying commercial property uk,0,366,0%,36.33
independent property valuation,0,363,0%,59.04
property use classes,0,357,0%,13.28
london chartered surveyors,0,341,0%,63
a3 planning,0,339,0%,11.43
b1 planning use,0,338,0%,11.54
how to buy commercial property,0,318,0%,43.16
planning permission change of use residential to commercial,0,303,0%,13.37
commercial property agency,0,301,0%,50.78
hmrc stamp duty calculator,0,296,0%,17.44
how to value a property,0,291,0%,41.01
planning portal use classes,0,284,0%,7.36
commercial property use classes,0,279,0%,10.26
buy commercial real estate,0,274,0%,26.84
lease calculator,0,271,0%,79.13
use class a3,0,259,0%,9.31
commercial property stamp duty calculator,0,259,0%,54.23
how to work out stamp duty,0,258,0%,58.04
commercial property stamp duty,0,257,0%,77.76
commercial rent review,0,252,0%,58.82
buying commercial property for investment,0,250,0%,58.85
what is commercial property,0,249,0%,57.95
commercial property surveyors,0,248,0%,72.16
change of use from residential to commercial,0,245,0%,10.24
class a2,0,244,0%,7.34
commercial real estate uk,0,242,0%,66.1
property valuation services,0,242,0%,69.2
current property value,0,237,0%,28.99
change from commercial to residential property,0,234,0%,6.03
commercial surveyor london,0,232,0%,61.21
a1 licence shop,0,231,0%,11.72
residential and commercial property,0,225,0%,26.72
commercial property financing,0,225,0%,48.49
stamp duty commercial property,0,224,0%,80.8
sdlt calculator commercial,0,222,0%,12.13
a1 usage,0,221,0%,9.26
commercial property risks,0,221,0%,18.54
buy to let commercial property,0,213,0%,54.98
commercial valuation surveyor,0,213,0%,57.01
commercial property surveyors london,0,211,0%,28.11
change commercial to residential,0,209,0%,5.08
change of use,0,209,0%,72.46
use class a2,0,207,0%,8.87
commercial property investments,0,201,0%,53.24
commercial office,0,200,0%,86.49
how to find commercial property value by address,0,194,0%,3.48
commercial use classes,0,194,0%,10.38
developing commercial property,0,192,0%,55.13
changing from commercial to residential,0,191,0%,7.74
how to change residential property to commercial property,0,191,0%,11.1
commercial property investment tips,0,190,0%,8.45
leasehold calculator hmrc,0,190,0%,11.16
commercial property planning permission,0,190,0%,20.69
next property commercial,0,190,0%,42.39
stamp duty on land calculator,0,190,0%,44.03
commercial property surveyor london,0,187,0%,37.52
market value of property,0,186,0%,41.99
commercial property surveying,0,186,0%,53.22
use class b2,0,185,0%,10.86
commercial surveyors london,0,185,0%,58.02
class a1 use,0,183,0%,9.52
residential property investment companies,0,182,0%,31.07
changing commercial to residential property,0,181,0%,6.91
uk commercial property,0,180,0%,64.67
a1 a2 use,0,178,0%,7.46
how to find commercial property,0,176,0%,60.19
uk commercial real estate,0,175,0%,61.01
stamp duty tax calculator,0,174,0%,77.98
a1 class use,0,173,0%,8.79
stamp duty on rental property,0,171,0%,71.98
land stamp duty calculator,0,168,0%,91.07
what is commercial property investment,0,167,0%,74.24
planning categories,0,165,0%,7.26
find property value,0,165,0%,73.72
commercial surveyors,0,164,0%,71
market value of commercial property,0,163,0%,5.64
a3 use class,0,163,0%,10.34
b8 use class,0,163,0%,11
changing residential property to commercial,0,161,0%,10.65
stamp duty commercial,0,161,0%,82.28
can a commercial property be converted to residential,0,160,0%,3.58
commercial property uk,0,157,0%,74.35
commercial stamp duty,0,157,0%,89.01
b1 business use definition,0,156,0%,11.9
property valuation surveyor,0,154,0%,49.33
how to find use class of a building,0,153,0%,11.75
commercial property definition,0,153,0%,22.76
commercial chartered surveyor,0,152,0%,37.18
temporary retail buildings,0,151,0%,93.95
commercial property high wycombe,0,148,0%,26.58
rics london,0,148,0%,77.74
building classes:,0,147,0%,7.47
sdlt calculator lease,0,147,0%,7.69
property value estimate,0,145,0%,82.81
land use classes,0,144,0%,12.15
leasehold calculator,0,144,0%,54.1
residential property valuation,0,144,0%,71.08
b1 commercial use,0,143,0%,10.43
commercial property investment opportunities,0,143,0%,73.21
commercial building valuation,0,142,0%,25.84
property surveyor phoenix,0,142,0%,50.56
commercial property prices,0,141,0%,48.18
stamp duty for commercial property,0,140,0%,76.98
a2 business use,0,139,0%,7.46
commercial residential property,0,139,0%,35.17
corporate relocation agents,0,138,0%,44.64
hmrc sdlt lease calculator,0,136,0%,7.2
commercial residential,0,135,0%,28.87
i want to buy commercial property,0,135,0%,39.16
acquiring commercial property,0,135,0%,103.83
commercial property sale prices,0,133,0%,67.65
what is a section 25 notice,0,132,0%,10.08
value of property,0,132,0%,59.17
commercial and residential,0,131,0%,9.88
b2 use,0,131,0%,12.49
want to buy commercial property,0,131,0%,35.85
commercial office space],0,130,0%,77.74
d2 use class,0,129,0%,10.39
acquisition consultants,0,129,0%,56.19
relocation agents commercial,0,128,0%,31.66
hmrc sdlt,0,128,0%,54.77
how much is stamp duty on commercial property,0,128,0%,71.29
commercial property amersham,0,128,0%,72.98
commercial surveying,0,125,0%,32.1
commercial property renovation,0,125,0%,69.06
class of use,0,123,0%,8.18
high wycombe property,0,123,0%,62.1
b2 planning,0,122,0%,9.54
when does stamp duty start,0,122,0%,81.73
surveyor london,0,122,0%,90.43
benefits of buying commercial property,0,121,0%,30.64
how to determine market value of an apartment,0,121,0%,83.55
sdlt commercial property,0,120,0%,64.14
change of use planning,0,119,0%,33.68
chartered surveying,0,119,0%,66.2
building conversion costs,0,118,0%,50.56
can you buy a commercial property with a residential mortgage,0,117,0%,28.89
chartered surveyors london,0,117,0%,98.75
residential property investor,0,116,0%,61.12
b8 planning,0,115,0%,9.92
commercial property valuation cost,0,115,0%,18.66
purchasing a property,0,114,0%,47.55
property tips,0,113,0%,46.27
can you get a residential mortgage on a commercial property,0,112,0%,64.18
commercial property investment,0,112,0%,98.71
commercial property sdlt calculator,0,111,0%,14.21
property relocation agents,0,111,0%,64.64
commercial office space for lease,0,111,0%,78.17
b2 planning definition,0,110,0%,8.77
surveyors high wycombe,0,110,0%,12.46
chartered surveyor valuation,0,110,0%,47.76
commercial property valuation london,0,110,0%,53.31
sdlt calc,0,109,0%,20.37
a1 property use,0,108,0%,10.1
how to value a commercial property lease,0,106,0%,3.23
planning uses,0,106,0%,8.76
different types of commercial property,0,106,0%,57.58
commercial property blog,0,105,0%,17.49
property surveyors high wycombe,0,104,0%,14.75
how to value a commercial property for sale,0,104,0%,17.99
class b8,0,103,0%,10.17
use class order 1987,0,103,0%,11
property investing tips,0,103,0%,78.71
chartered surveyor in london,0,103,0%,82.8
a2 retail use,0,102,0%,7.7
sdlt calculators,0,102,0%,18.6
planning classifications,0,101,0%,10.5
what is a commercial surveyor,0,101,0%,47.44
permitted change of use,0,101,0%,49.91
commercial property investments for sale,0,101,0%,61.18
corperate relocation,0,101,0%,69.38
beginners guide to property investment,0,101,0%,79.91
stamp duty changes calculator,0,101,0%,89.81
current value of my property,0,100,0%,65.35
hmrc stamp duty,0,99,0%,42.69
commercial property acquisitions,0,99,0%,65.88
planning use class order,0,98,0%,10.51
calculate sdlt,0,98,0%,27.37
financial planning classes,0,98,0%,65.02
residential stamp duty calculator,0,98,0%,81.74
use class b1c,0,97,0%,10.99
current valuation of property,0,97,0%,47.22
pet superstore sandwich,0,97,0%,67.95
barn conversion costs,0,97,0%,103.11
use class d2,0,96,0%,10.3
commercial agency surveyor,0,96,0%,38.8
stampy duty commercial lease,0,96,0%,39.05
residential property funds,0,96,0%,55.53
rics commercial property,0,96,0%,67.95
chartered surveyor near me,0,96,0%,80.77
valation of commercial unit,0,95,0%,3.37
corporate relocation reviews,0,95,0%,41.8
hmrc lease calculator,0,94,0%,7.43
class d1 use,0,94,0%,10.83
stamp duty formula,0,94,0%,30.34
d2 planning use,0,93,0%,11.03
commercial property investment figures,0,93,0%,38.02
office to residential permission london,0,93,0%,60.9
purchasing commercial real estate tips,0,93,0%,79.26
a1 shop use,0,92,0%,8.64
what is a1 a2 a3 shop use,0,92,0%,9.33
commercial property march,0,92,0%,56.55
commercial property investment finance,0,91,0%,54.68
real estate property valuation,0,91,0%,56.57
commercial property sdlt,0,91,0%,74.56
stamp duty calculator lease,0,90,0%,8.76
chartered surveyor services,0,90,0%,52.02
office to residential permission,0,90,0%,66.46
b7 office space,0,90,0%,70.97
property classes,0,89,0%,8.25
suveyor commercial property sector,0,89,0%,16.81
b8 office space,0,89,0%,62.12
a1 planning permission,0,88,0%,10.57
residential industrial commercial,0,88,0%,14.3
surveyor commercial property sector,0,88,0%,17.19
commercial property and real estate,0,88,0%,35.8
value a property,0,88,0%,44.34
use class planning,0,87,0%,8.83
commercial property values uk,0,87,0%,30.17
market value calculation,0,87,0%,61.97
rics chartered surveyor,0,87,0%,84.26
what is stamp duty on commercial property,0,87,0%,87.15
a2 commercial use,0,86,0%,7.9
building use classification,0,86,0%,8.55
b1 planning definition,0,86,0%,9.47
stamp duty on lease,0,86,0%,21.33
commercial property real estate,0,86,0%,64.16
mortgage for barn conversion,0,86,0%,85.47
purchasing commercial property,0,85,0%,11.51
what makes a property commercial,0,85,0%,65.54
stable conversion planning permission,0,85,0%,74.12
section 25 notice of landlord and tenant act,0,84,0%,10.19
can i get a residential mortgage on a commercial property,0,84,0%,78.96
converting house into flats costs,0,83,0%,54.37
commercial property investment funding,0,83,0%,69.71
do you pay stamp duty on commercial property,0,83,0%,72.71
local planning temporary storage structure,0,83,0%,76.48
class use planning,0,82,0%,8.63
residential investment opportunities,0,82,0%,67.16
market value,0,82,0%,94.18
commercial property change of use,0,81,0%,34.33
buy commercial property for residential use,0,81,0%,39.15
property survey high wycombe,0,81,0%,65.42
industrial hairdressers lighting,0,81,0%,76.72
valuation income approach,0,81,0%,81.59
landlord and tenant act 1954 section 25,0,80,0%,10.21
commercial investment opportunities,0,80,0%,66.24
how to calculate valuation of property,0,80,0%,84.03
property types,0,79,0%,39.8
commercial property falls,0,79,0%,54.09
a3 planning definition,0,78,0%,10.44
house survey high wycombe,0,78,0%,45.46
a2 shop licence,0,77,0%,7.77
what is a section 25,0,77,0%,8.95
what is a3 licence for shop,0,77,0%,26.3
section 25,0,77,0%,27.4
property for sale with planning permission to convert to flats,0,77,0%,31.1
local planning temporary storage building,0,77,0%,76.99
s.26 notice,0,76,0%,8.91
b1 b2 b8 uses,0,76,0%,11.66
change of use a1 to a3 permitted development,0,76,0%,25.13
buying commercial property to let,0,76,0%,40.86
first time real estate investor tips,0,76,0%,63.59
how much is stamp duty on land,0,76,0%,74.66
phoenix commercial,0,76,0%,79.39
pub use class,0,75,0%,9.83
planning permission classes,0,75,0%,10.24
commercial property market,0,74,0%,84.88
what is a2 licence for shop,0,73,0%,6.9
stamp duty land tax lease calculator,0,73,0%,7.23
london surveyor,0,73,0%,86.95
b8 storage,0,72,0%,10.04
cost of converting house into flats,0,72,0%,59.06
commercial property investment strategy,0,72,0%,61.32
how much does it cost to convert a house into flats,0,72,0%,62.67
best commercial property investments,0,72,0%,63.62
is there stamp duty on commercial property,0,72,0%,85.58
a2 property,0,71,0%,7.03
commercial or residential property investment,0,71,0%,26.96
why invest in commercial property,0,71,0%,34.54
buying a commercial investment,0,71,0%,67.89
use class b1a,0,70,0%,10.36
benefits of investing in commercial property,0,70,0%,31.79
stamp duty calculator leasehold,0,69,0%,7.81
a3 planning consent,0,69,0%,10.9
main commercial property investment sector,0,69,0%,50.16
commercial office space for rent,0,69,0%,62.43
find your property value,0,69,0%,78.26
property value uk,0,69,0%,81.28
class b8 use,0,68,0%,10.24
planning use classes uk,0,68,0%,11.09
valuing rental property,0,68,0%,23.28
commercial property investing,0,68,0%,35.15
buying a flat above a commercial property,0,68,0%,53.97
commercial storage structure,0,68,0%,84.49
a1 and a2 use,0,67,0%,7.57
planning classes uk,0,67,0%,8.09
use classes planning,0,67,0%,9.39
a3 consent,0,67,0%,10.42
a3 licence requirements,0,67,0%,91.31
planning class use,0,66,0%,7.62
b1 b2 b8,0,66,0%,10.09
commercial property build,0,66,0%,39.52
residential commercial property,0,66,0%,59.53
valuation of residential property,0,66,0%,81.58
how much is stamp duty uk,0,66,0%,86.2
corporate relocation rentals,0,66,0%,94.58
use clas,0,65,0%,8.77
building classifications uk,0,65,0%,11.4
royal institute of chartered surveyors london,0,65,0%,70.65
types of property valuation,0,65,0%,88.58
change from residential to commercial use,0,64,0%,11.33
change of purpose property,0,64,0%,20.42
b2 office space,0,64,0%,55.77
commercial property listings for sale,0,64,0%,82.44
cap valuation free,0,63,0%,76.62
a1 shops,0,62,0%,9.26
a3 planning permission,0,62,0%,11.58
commercial bar builder,0,62,0%,74.56
converting residential mortgage to buy to let,0,62,0%,90.77
residential mortgage on commercial property,0,61,0%,88.62
a2 class use,0,60,0%,7.57
use classes planning portal,0,60,0%,8.25
sdlt calculator commercial lease,0,60,0%,8.33
town and country planning (use classes) order 1987,0,60,0%,11.6
commercial property for sale high wycombe,0,60,0%,44.83
commercial property in the uk,0,60,0%,72.22
acquiring uk commercial property,0,60,0%,78.33
a3 class use,0,59,0%,7.76
commercial property valuation online,0,59,0%,25.85
what is a commercial property,0,59,0%,40.27
sdlt hmrc calculator,0,58,0%,10.21
use class b8,0,58,0%,11.16
business valuation gross revenue multiplier,0,58,0%,64.12
how to find value of commercial property,0,57,0%,6.86
acquisition of large office lettings,0,57,0%,47.56
home office conversion,0,57,0%,73.32
planning b1 use,0,56,0%,11.29
commercial real estate valuation methods,0,56,0%,24.18
commercial property other uk,0,56,0%,34.68
current market value of my property,0,56,0%,40.86
sell b8,0,56,0%,66.11
commercial property vs residential property investment,0,56,0%,70.32
customs calculator,0,56,0%,89.52
town and country planning use classes order,0,55,0%,7.07
commercial real estate property,0,55,0%,27.29
can a business buy a residential property,0,55,0%,55.38
chartered surveyor,0,55,0%,95.55
off market property investment,0,55,0%,142.09
art gallery use class,0,54,0%,5.35
a2 retail,0,54,0%,6.22
how to convert commercial to residential,0,54,0%,6.67
d2 planning use definition,0,54,0%,10.43
section 25 notice 1954 act,0,54,0%,12.81
change of use classes,0,54,0%,13.43
house to flat conversion costs,0,54,0%,33.31
planning permission for commercial buildings,0,54,0%,38.98
use classes uk,0,53,0%,9.74
office space phoenix,0,53,0%,67.32
what is a2 planning,0,52,0%,6.75
find commercial property value,0,52,0%,8.25
b use classes,0,52,0%,8.48
use class a5,0,52,0%,11.38
b1 use planning,0,52,0%,11.71
residential use class,0,52,0%,18.67
how do you work out stamp duty,0,52,0%,48.77
what is a section 26 notice,0,51,0%,6.76
class a2 use,0,51,0%,7.29
classes of use,0,51,0%,7.57
a1 retail licence,0,51,0%,9.65
use classes order 2017,0,51,0%,10.45
planning land use classes,0,51,0%,11.57
stamp tax calculator,0,51,0%,60.45
commercial real estate agents,0,51,0%,81.67
chartered surveyors company,0,51,0%,94.61
retail planning permission,0,50,0%,10.88
property use classes uk,0,50,0%,11.02
commercial property renovations london,0,50,0%,38.5
commercial real estate returns,0,50,0%,38.58
commercial residential mortgage,0,50,0%,84.94
stamp duty new,0,50,0%,94.98
do you pay stamp duty on land,0,50,0%,95.14
post office use class,0,49,0%,7.37
a3 business use,0,49,0%,8.02
section 25 notices,0,49,0%,8.51
b1 planning permission,0,49,0%,10.53
residential property build,0,49,0%,83.2
new stamp duty tax,0,49,0%,87.55
uk planning use classes,0,48,0%,8.6
b1 use property,0,48,0%,10.12
d1 use class,0,48,0%,11.69
investment in commercial property vs residential,0,48,0%,68.92
a1 building use,0,47,0%,8.06
office planning use class,0,47,0%,8.79
use class d1,0,47,0%,10.6
retail property planning,0,47,0%,11.09
what is b1 use in commercial property?,0,47,0%,11.11
permitted development retail to residential,0,47,0%,19.7
sdlt linked transactions,0,47,0%,19.79
change of use from residential to office,0,47,0%,55.83
buying commercial property in london,0,47,0%,58.81
stamp duty and tax calculator,0,47,0%,61.26
class uses,0,46,0%,7.17
sdlt calculator leases,0,46,0%,7.89
b2 land use,0,46,0%,10.39
s25 landlord and tenant act 1954,0,46,0%,10.39
town and country planning use classes,0,46,0%,11.22
commercial property classification,0,46,0%,12.17
planning use classes order,0,46,0%,12.63
how to find out commercial property value,0,45,0%,1.53
hairdressers use class,0,45,0%,8.47
what is b8 use,0,45,0%,10.11
b1 b2 b8 planning,0,45,0%,10.93
b2 planning use,0,45,0%,11.04
use class b1(a),0,45,0%,11.22
b1 use meaning,0,45,0%,11.36
planning class b1,0,45,0%,11.42
off market commercial real estate for sale,0,45,0%,23.2
sdlt on leases,0,45,0%,27.42
find a commercial property to buy,0,45,0%,28.51
off market commercial real estate,0,45,0%,41.58
a1 planning definition,0,44,0%,8.82
b8 commercial use,0,44,0%,10.16
b1 b8 use,0,44,0%,10.84
use classes order 2015,0,44,0%,10.86
how to find off market commercial real estate,0,44,0%,33.73
how do i work out stamp duty,0,44,0%,46.91
property for sale b8,0,44,0%,55.73
commercial property buy to let mortgage,0,44,0%,66.36
house to flat conversion regulations,0,44,0%,81.05
a2 office use,0,43,0%,7.56
class use order,0,43,0%,8.26
a1 and a3 use,0,43,0%,8.98
commercial usage codes,0,43,0%,9.12
commercial property planning,0,43,0%,14.19
how to find sale price of commercial property,0,43,0%,19.98
sdlt linked transactions commercial property,0,43,0%,21
commercial property types,0,43,0%,22.74
advantages of commercial property investment,0,43,0%,40.05
commercial office space london,0,43,0%,61
lease calculator uk,0,43,0%,70.91
how is stamp duty worked out,0,43,0%,76.23
commercial property company,0,43,0%,76.81
stamp duty land tax experts,0,43,0%,79.35
how does stamp duty work,0,43,0%,96.26
use class a,0,42,0%,8.33
commercial property evaluator,0,42,0%,9.64
a3 planning use,0,42,0%,10.69
class b1 planning,0,42,0%,11.1
b8 usage,0,42,0%,11.31
how to calculate stamp duty land tax,0,42,0%,37.88
how to find out what a commercial property sold for,0,42,0%,54.67
commercial property courses uk,0,42,0%,61.62
local commercial real estate listings,0,42,0%,62.05
commercial planning for food manufacturers,0,42,0%,74.57
r.i.c.s london,0,42,0%,83.21
how do you value a property,0,42,0%,89.69
stamp duty on shares calculator,0,42,0%,95.74
sdlt leasehold calculator,0,41,0%,7.56
how to evaluate a commercial property,0,41,0%,7.61
property purchasing,0,41,0%,10
what is a1 licence for shop,0,41,0%,10.32
planning use class b1,0,41,0%,10.83
best place to find commercial real estate,0,41,0%,24.49
rics planning and development,0,41,0%,73.61
corporate relocation firms,0,41,0%,97.76
warehouse use class,0,40,0%,5.03
what is section 26,0,40,0%,7.15
a1 uses,0,40,0%,8.2
what is section 25,0,40,0%,9.93
change of use categories,0,40,0%,10.57
b8 industrial use,0,40,0%,10.8
b1 building use,0,40,0%,11.22
planning use classes in england,0,40,0%,14.32
commercial value,0,40,0%,53.58
change of use london,0,40,0%,67.92
temporary industrial buildings for sale,0,40,0%,86.62
commercial property sector,0,40,0%,96.1
property conversion &amp;amp; development specialists accrington,0,39,0%,2.64
b1 consent,0,39,0%,8.82
off market commercial properties,0,39,0%,25.97
change of business use,0,39,0%,40.05
commercial property values by address,0,38,0%,1.45
convert residential to commercial,0,38,0%,9.32
a1 planning use,0,38,0%,10.21
planning a1 to a3,0,38,0%,11.08
property or,0,38,0%,20.05
how to work out stamp duty land tax,0,38,0%,24.68
inland revenue stamp duty,0,38,0%,40.79
hmrc stamp taxes,0,38,0%,58.26
commercial property sold prices,0,38,0%,81.63
stamp duty tax calculator uk,0,38,0%,83.87
commercial property renovation london,0,38,0%,84.45
temporary retail building,0,38,0%,92.05
property development and planning,0,38,0%,92.24
b8 class use,0,37,0%,10.11
commercial property categories,0,37,0%,10.95
use class b1,0,37,0%,11.54
residential or commercial,0,37,0%,12.32
planning use class d1,0,37,0%,13.41
commercial work space,0,37,0%,56.65
rics chartered surveyors london,0,37,0%,93
use clases,0,36,0%,5.86
retail a1 use,0,36,0%,9.39
planning class d1,0,36,0%,10.86
stamp duty on leasehold residential property,0,36,0%,11.19
stamp duty calculator commercial,0,36,0%,42.67
stamp duty land tax,0,36,0%,147.03
what is a section 26,0,35,0%,6.23
a1 a2 shop licence,0,35,0%,7.91
what does a3 planning consent mean,0,35,0%,8.4
hmrc calculator sdlt,0,35,0%,10.49
what is a1 shop licence,0,35,0%,10.91
off market commercial property,0,35,0%,21.83
d1 planning permission,0,35,0%,26.14
commercial property in uk,0,35,0%,58.89
planning permission amersham,0,35,0%,63.06
phoenix property,0,35,0%,68.83
residential conversion,0,34,0%,4.88
sdlt npv calculator,0,34,0%,7.35
class a3 planning,0,34,0%,8.88
what is a section 40,0,34,0%,9.03
use class a1,0,34,0%,9.35
what is a3 planning,0,34,0%,9.79
commercial valuation cost,0,34,0%,36.06
permitted development rights change of use,0,34,0%,77
buying commercial property with tenants,0,34,0%,77.74
how much is the stamp duty on commercial property?,0,34,0%,78.91
use class b,0,33,0%,10.55
b2 planning permission,0,33,0%,11.09
section 40,0,33,0%,14.67
investing uk commercial property,0,33,0%,45.45
property high wycombe,0,33,0%,67
how to find commercial real estate,0,33,0%,68.58
property valuation hilsea,0,33,0%,76.33
commercial storage structures,0,33,0%,79.91
commercial property listing,0,33,0%,82.36
b1 workspace,0,32,0%,6.28
residential to commercial property,0,32,0%,6.75
planning b2,0,32,0%,8.91
building class a1,0,32,0%,9.03
funeral directors planning use class,0,32,0%,9.78
change of use residential to commercial,0,32,0%,10.06
commercial property monument,0,32,0%,30.78
uk commercial property bubble,0,32,0%,55.94
value property,0,32,0%,59.28
property surveyor london,0,32,0%,94.66
commercial property rental valuation,0,31,0%,1.68
turn commercial property into residential,0,31,0%,5.45
class a1 of the town and country planning,0,31,0%,8.39
change of usage,0,31,0%,10.39
a1 license shop,0,31,0%,11.29
convert residential to commercial property,0,31,0%,22.45
sdlt leases,0,31,0%,23.97
sui generis use class,0,31,0%,42.23
free commercial property value,0,31,0%,67.1
commercial property to buy in london,0,31,0%,95.1
calculating the value of commercial property,0,30,0%,1
valuation of commercial real estate,0,30,0%,4.7
hairdresser use class,0,30,0%,7.4
what is a1 business use,0,30,0%,8.4
c1 planning classification,0,30,0%,10.73
b1 office use,0,30,0%,12.03
buying commercial property advice,0,30,0%,15.33
town and country planning use classes order 1987,0,30,0%,19.2
purchase commercial real estate,0,30,0%,38.83
uk commercial property investment agency,0,30,0%,49.63
temporary nursery buildings,0,30,0%,91.1
commercial property inspection cost,0,30,0%,92.1
sdlt,0,30,0%,93.83
commercial property values by address free,0,29,0%,4.48
shop conversion to residential,0,29,0%,4.83
can residential property be used as commercial,0,29,0%,8.41
what does a1 retail use mean,0,29,0%,8.41
planning use categories,0,29,0%,9.14
commercial property classes,0,29,0%,10.41
s 25 notice,0,29,0%,10.62
change of use class,0,29,0%,12.31
buy a commercial property,0,29,0%,26
off market commercial real estate deals,0,29,0%,28
a1 building,0,29,0%,42.24
hmrc stamp duty land tax,0,29,0%,53.69
land use categories,0,29,0%,55.76
uk commercial real estate market,0,29,0%,62
change of use of a premises,0,29,0%,63.79
planning agency,0,29,0%,93.38
office space for rent,0,29,0%,101.07
nursery use class,0,28,0%,8.82
class b1a,0,28,0%,9.21
commercial property valuations online,0,28,0%,10.89
what is b1 use in planning?,0,28,0%,11.04
a5 use class,0,28,0%,11.5
converting residential property to commercial,0,28,0%,15.43
fair market value of rental property,0,28,0%,33.21
stamp duty on commercial leases,0,28,0%,33.96
commercial property guide,0,28,0%,42.14
international commercial property valuation,0,28,0%,48.46